USE QUANLYKHO

-- TẠO BẢNG NHÀ CUNG CẤP
CREATE TABLE NhaCungCap (
    MaNCC CHAR(10) PRIMARY KEY,
    TenNCC NVARCHAR(100) NOT NULL,
    DiaChi NVARCHAR(200) NOT NULL,
    SDT CHAR(12) NOT NULL
);

-- TẠO BẢNG NGƯỜI GIAO
CREATE TABLE NguoiGiao (
    MaNG CHAR(10) PRIMARY KEY,
    TenNG NVARCHAR(100) NOT NULL,
    SDT CHAR(12) NOT NULL,
    MaNCC CHAR(10),
    FOREIGN KEY (MaNCC) REFERENCES NhaCungCap(MaNCC)
);

-- TẠO BẢNG ĐƠN VỊ NHẬN
CREATE TABLE DonViNhan (
    MaDVN CHAR(10) PRIMARY KEY,
    TenDVN VARCHAR(100) NOT NULL,
    DiaChi VARCHAR(200)NOT NULL,
    SDT CHAR(15) NOT NULL
);

-- TẠO BẢNG NGƯỜI NHẬN
CREATE TABLE NguoiNhan (
    MaNN CHAR(10) PRIMARY KEY,
    TenNN VARCHAR(100) NOT NULL,
    SDT CHAR(15) NOT NULL,
    MaDVN CHAR(10),
    FOREIGN KEY (MaDVN) REFERENCES DonViNhan(MaDVN)
);


--TẠO BẢNG LƯƠNG
CREATE TABLE Luong (
    MaCV CHAR(10) PRIMARY KEY,
    TenCV VARCHAR(100)NOT NULL,
    LuongCB DECIMAL(18, 2) DEFAULT(5000000),
    HSL DECIMAL(18, 2),
);

-- TẠO BẢNG KHO
CREATE TABLE KHO (
    MaKho CHAR(10) PRIMARY KEY,
    TenKho VARCHAR(100),
    DiaDiem VARCHAR(200)
);

-- TẠO BẢNG LOẠI VẬT TƯ
CREATE TABLE LoaiVatTu (
    MaLoaiVT CHAR(10) PRIMARY KEY,
    LoaiVT VARCHAR(100),
    Mota VARCHAR(200)
);

-- TẠO BẢNG VẬT TƯ
CREATE TABLE VatTu (
    MaVT CHAR(10) PRIMARY KEY,
    TenVT VARCHAR(100),
    DonViTinh VARCHAR(50),
    SoLuong INT,
    MaLoaiVT CHAR(10),
    FOREIGN KEY (MaLoaiVT) REFERENCES LoaiVatTu(MaLoaiVT)
);

-- TẠO BẢNG TỒN KHO
CREATE TABLE TonKho (
    MaVT CHAR(10) NOT NULL,
    NamThang DATE,
    SoLuongTon INT,
    MaKho CHAR(10),
    FOREIGN KEY (MaVT) REFERENCES VatTu(MaVT),
    FOREIGN KEY (MaKho) REFERENCES KHO(MaKho)
);

-- TẠO BẢNG NHÂN VIÊN VÀ SỐ ĐIỆN THOẠI
CREATE TABLE NhanVien_SDT (
    MaNV CHAR(10),
    SDT CHAR(15),
    PRIMARY KEY (MaNV, SDT),
	FOREIGN KEY (MaNV) REFERENCES NhanVien(MaNV)
);


-- TẠO BẢNG NHÂN VIÊN
CREATE TABLE NhanVien (
    MaNV CHAR(10) PRIMARY KEY,
    TenNV VARCHAR(100),
    GioiTinh CHAR(3),
    DiaChi VARCHAR(200),
    Ngayvaolam DATE,
    MaCV CHAR(10),
    MaKho CHAR(10),
    FOREIGN KEY (MaCV) REFERENCES Luong(MaCV),
    FOREIGN KEY (MaKho) REFERENCES KHO(MaKho)
);

--TẠO BẢNG PHIẾU NHẬP
CREATE TABLE PhieuNhap (
    SoPhieuN CHAR(10) PRIMARY KEY,
    NgayNhap DATE,
    MaNG CHAR(10),
    MaNV CHAR(10),
    MaKho CHAR(10),
    FOREIGN KEY (MaNG) REFERENCES NguoiGiao(MaNG),
    FOREIGN KEY (MaNV) REFERENCES NhanVien(MaNV),
    FOREIGN KEY (MaKho) REFERENCES KHO(MaKho)
);

-- TẠO BẢNG CHI TIẾT PHIẾU NHẬP
CREATE TABLE ChiTietPhieuN (
    SoPhieuN CHAR(10) PRIMARY KEY,
    MaVT CHAR(10),
    SoLuongN INT CHECK(SoLuongN > 0),
    DonGiaN DECIMAL(18, 2) CHECK(DonGiaN > 0),
    FOREIGN KEY (SoPhieuN) REFERENCES PhieuNhap(SoPhieuN),
    FOREIGN KEY (MaVT) REFERENCES VatTu(MaVT)
);

-- TẠO BẢNG PHIẾU XUẤT
CREATE TABLE PhieuXuat (
    SoPhieuX CHAR(10) PRIMARY KEY,
    NgayXuat DATE,
    MaNN CHAR(10),
    MaNV CHAR(10),
    MaKho CHAR(10),
    FOREIGN KEY (MaNN) REFERENCES NguoiNhan(MaNN),
    FOREIGN KEY (MaNV) REFERENCES NhanVien(MaNV),
    FOREIGN KEY (MaKho) REFERENCES KHO(MaKho)
);

-- TẠO BẢNG CHI TIẾT PHIẾU XUẤT
CREATE TABLE ChiTietPhieuX (
    SoPhieuX CHAR(10) PRIMARY KEY,
    MaVT CHAR(10),
    SoLuongX INT CHECK(SoLuongX > 0),
    DonGiaX DECIMAL(18, 2) CHECK(DonGiaX > 0),
    FOREIGN KEY (SoPhieuX) REFERENCES PhieuXuat(SoPhieuX),
    FOREIGN KEY (MaVT) REFERENCES VatTu(MaVT)
);

-- INSERT DATA INTO NhaCungCap
INSERT INTO NhaCungCap (MaNCC, TenNCC, DiaChi, SDT) VALUES
('NCC001', 'Công ty A', 'Hà Nội', '0123456789'),
('NCC002', 'Công ty B', 'TP HCM', '0123456790'),
('NCC003', 'Công ty C', 'Đà Nẵng', '0123456791'),
('NCC004', 'Công ty D', 'Hải Phòng', '0123456792'),
('NCC005', 'Công ty E', 'Cần Thơ', '0123456793'),
('NCC006', 'Công ty F', 'Bình Dương', '0123456794'),
('NCC007', 'Công ty G', 'Đồng Nai', '0123456795'),
('NCC008', 'Công ty H', 'Khánh Hòa', '0123456796'),
('NCC009', 'Công ty I', 'Bắc Ninh', '0123456797'),
('NCC010', 'Công ty J', 'Nghệ An', '0123456798');

-- INSERT DATA INTO NguoiGiao
INSERT INTO NguoiGiao (MaNG, TenNG, SDT, MaNCC) VALUES
('NG001', 'Nguyễn Văn A', '0123456799', 'NCC001'),
('NG002', 'Trần Văn B', '0123456800', 'NCC002'),
('NG003', 'Lê Thị C', '0123456801', 'NCC003'),
('NG004', 'Phạm Văn D', '0123456802', 'NCC004'),
('NG005', 'Ngô Thị E', '0123456803', 'NCC005'),
('NG006', 'Đặng Văn F', '0123456804', 'NCC006'),
('NG007', 'Bùi Thị G', '0123456805', 'NCC007'),
('NG008', 'Hồ Văn H', '0123456806', 'NCC008'),
('NG009', 'Vũ Thị I', '0123456807', 'NCC009'),
('NG010', 'Cao Văn J', '0123456808', 'NCC010');

-- INSERT DATA INTO DonViNhan
INSERT INTO DonViNhan (MaDVN, TenDVN, DiaChi, SDT) VALUES
('DVN001', 'Công ty K', 'Hà Nội', '0123456809'),
('DVN002', 'Công ty L', 'TP HCM', '0123456810'),
('DVN003', 'Công ty M', 'Đà Nẵng', '0123456811'),
('DVN004', 'Công ty N', 'Hải Phòng', '0123456812'),
('DVN005', 'Công ty O', 'Cần Thơ', '0123456813'),
('DVN006', 'Công ty P', 'Bình Dương', '0123456814'),
('DVN007', 'Công ty Q', 'Đồng Nai', '0123456815'),
('DVN008', 'Công ty R', 'Khánh Hòa', '0123456816'),
('DVN009', 'Công ty S', 'Bắc Ninh', '0123456817'),
('DVN010', 'Công ty T', 'Nghệ An', '0123456818');

-- INSERT DATA INTO NguoiNhan
INSERT INTO NguoiNhan (MaNN, TenNN, SDT, MaDVN) VALUES
('NN001', 'Phạm Văn K', '0123456819', 'DVN001'),
('NN002', 'Nguyễn Thị L', '0123456820', 'DVN002'),
('NN003', 'Trần Văn M', '0123456821', 'DVN003'),
('NN004', 'Lê Văn N', '0123456822', 'DVN004'),
('NN005', 'Đỗ Thị O', '0123456823', 'DVN005'),
('NN006', 'Ngô Văn P', '0123456824', 'DVN006'),
('NN007', 'Đặng Thị Q', '0123456825', 'DVN007'),
('NN008', 'Bùi Văn R', '0123456826', 'DVN008'),
('NN009', 'Hồ Thị S', '0123456827', 'DVN009'),
('NN010', 'Vũ Văn T', '0123456828', 'DVN010');

-- INSERT DATA INTO Luong
INSERT INTO Luong (MaCV, TenCV, LuongCB, HSL) VALUES
('CV001', 'Giám đốc', 15000000, 3.5),
('CV002', 'Phó giám đốc', 12000000, 3.0),
('CV003', 'Trưởng phòng', 10000000, 2.5),
('CV004', 'Phó phòng', 8000000, 2.0),
('CV005', 'Nhân viên', 6000000, 1.5),
('CV006', 'Thực tập sinh', 5000000, 1.0),
('CV007', 'Quản lý kho', 7000000, 1.7),
('CV008', 'Nhân viên kho', 5500000, 1.3),
('CV009', 'Kế toán', 9000000, 2.2),
('CV010', 'Thủ quỹ', 6500000, 1.6);

-- INSERT DATA INTO KHO
INSERT INTO KHO (MaKho, TenKho, DiaDiem) VALUES
('K001', 'Kho Hà Nội', 'Hà Nội'),
('K002', 'Kho TP HCM', 'TP HCM'),
('K003', 'Kho Đà Nẵng', 'Đà Nẵng'),
('K004', 'Kho Hải Phòng', 'Hải Phòng'),
('K005', 'Kho Cần Thơ', 'Cần Thơ'),
('K006', 'Kho Bình Dương', 'Bình Dương'),
('K007', 'Kho Đồng Nai', 'Đồng Nai'),
('K008', 'Kho Khánh Hòa', 'Khánh Hòa'),
('K009', 'Kho Bắc Ninh', 'Bắc Ninh'),
('K010', 'Kho Nghệ An', 'Nghệ An');

-- INSERT DATA INTO LoaiVatTu
INSERT INTO LoaiVatTu (MaLoaiVT, LoaiVT, Mota) VALUES
('LVT001', 'Loại A', 'Mô tả A'),
('LVT002', 'Loại B', 'Mô tả B'),
('LVT003', 'Loại C', 'Mô tả C'),
('LVT004', 'Loại D', 'Mô tả D'),
('LVT005', 'Loại E', 'Mô tả E'),
('LVT006', 'Loại F', 'Mô tả F'),
('LVT007', 'Loại G', 'Mô tả G'),
('LVT008', 'Loại H', 'Mô tả H'),
('LVT009', 'Loại I', 'Mô tả I'),
('LVT010', 'Loại J', 'Mô tả J');

-- INSERT DATA INTO VatTu
INSERT INTO VatTu (MaVT, TenVT, DonViTinh, SoLuong, MaLoaiVT) VALUES
('VT001', 'Vật tư A', 'Kg', 100, 'LVT001'),
('VT002', 'Vật tư B', 'L', 200, 'LVT002'),
('VT003', 'Vật tư C', 'M', 300, 'LVT003'),
('VT004', 'Vật tư D', 'Kg', 400, 'LVT004'),
('VT005', 'Vật tư E', 'L', 500, 'LVT005'),
('VT006', 'Vật tư F', 'M', 600, 'LVT006'),
('VT007', 'Vật tư G', 'Kg', 700, 'LVT007'),
('VT008', 'Vật tư H', 'L', 800, 'LVT008'),
('VT009', 'Vật tư I', 'M', 900, 'LVT009'),
('VT010', 'Vật tư J', 'Kg', 1000, 'LVT010');

-- INSERT DATA INTO TonKho
INSERT INTO TonKho (MaVT, NamThang, SoLuongTon, MaKho) VALUES
('VT001', '2023-01-01', 50, 'K001'),
('VT002', '2023-02-01', 150, 'K002'),
('VT003', '2023-03-01', 250, 'K003'),
('VT004', '2023-04-01', 350, 'K004'),
('VT005', '2023-05-01', 450, 'K005'),
('VT006', '2023-06-01', 550, 'K006'),
('VT007', '2023-07-01', 650, 'K007'),
('VT008', '2023-08-01', 750, 'K008'),
('VT009', '2023-09-01', 850, 'K009'),
('VT010', '2023-10-01', 950, 'K010');
-- INSERT DATA INTO NhanVien
INSERT INTO NhanVien (MaNV, TenNV, GioiTinh, DiaChi, Ngayvaolam, MaCV, MaKho) VALUES
('NV001', 'Nguyễn Văn A', 'Nam', 'Hà Nội', '2020-01-01', 'CV001', 'K001'),
('NV002', 'Trần Thị B', 'Nữ', 'TP HCM', '2020-02-01', 'CV002', 'K002'),
('NV003', 'Lê Văn C', 'Nam', 'Đà Nẵng', '2020-03-01', 'CV003', 'K003'),
('NV004', 'Phạm Thị D', 'Nữ', 'Hải Phòng', '2020-04-01', 'CV004', 'K004'),
('NV005', 'Ngô Văn E', 'Nam', 'Cần Thơ', '2020-05-01', 'CV005', 'K005'),
('NV006', 'Đặng Thị F', 'Nữ', 'Bình Dương', '2020-06-01', 'CV006', 'K006'),
('NV007', 'Bùi Văn G', 'Nam', 'Đồng Nai', '2020-07-01', 'CV007', 'K007'),
('NV008', 'Hồ Thị H', 'Nữ', 'Khánh Hòa', '2020-08-01', 'CV008', 'K008'),
('NV009', 'Vũ Văn I', 'Nam', 'Bắc Ninh', '2020-09-01', 'CV009', 'K009'),
('NV010', 'Cao Thị J', 'Nữ', 'Nghệ An', '2020-10-01', 'CV010', 'K010');

-- INSERT DATA INTO NhanVien_SDT
INSERT INTO NhanVien_SDT (MaNV, SDT) VALUES
('NV001', '0123456829'),
('NV001', '0123456830'),
('NV002', '0123456831'),
('NV002', '0123456832'),
('NV003', '0123456833'),
('NV003', '0123456834'),
('NV004', '0123456835'),
('NV004', '0123456836'),
('NV005', '0123456837'),
('NV005', '0123456838'),
('NV006', '0123456839'),
('NV006', '0123456840'),
('NV007', '0123456841'),
('NV007', '0123456842'),
('NV008', '0123456843'),
('NV008', '0123456844'),
('NV009', '0123456845'),
('NV009', '0123456846'),
('NV010', '0123456847'),
('NV010', '0123456848');

-- INSERT DATA INTO PhieuNhap
INSERT INTO PhieuNhap (SoPhieuN, NgayNhap, MaNG, MaNV, MaKho) VALUES
('PN001', '2023-01-01', 'NG001', 'NV001', 'K001'),
('PN002', '2023-02-01', 'NG002', 'NV002', 'K002'),
('PN003', '2023-03-01', 'NG003', 'NV003', 'K003'),
('PN004', '2023-04-01', 'NG004', 'NV004', 'K004'),
('PN005', '2023-05-01', 'NG005', 'NV005', 'K005'),
('PN006', '2023-06-01', 'NG006', 'NV006', 'K006'),
('PN007', '2023-07-01', 'NG007', 'NV007', 'K007'),
('PN008', '2023-08-01', 'NG008', 'NV008', 'K008'),
('PN009', '2023-09-01', 'NG009', 'NV009', 'K009'),
('PN010', '2023-10-01', 'NG010', 'NV010', 'K010');

-- INSERT DATA INTO ChiTietPhieuN
INSERT INTO ChiTietPhieuN (SoPhieuN, MaVT, SoLuongN, DonGiaN) VALUES
('PN001', 'VT001', 10, 50000),
('PN002', 'VT002', 20, 100000),
('PN003', 'VT003', 30, 150000),
('PN004', 'VT004', 40, 200000),
('PN005', 'VT005', 50, 250000),
('PN006', 'VT006', 60, 300000),
('PN007', 'VT007', 70, 350000),
('PN008', 'VT008', 80, 400000),
('PN009', 'VT009', 90, 450000),
('PN010', 'VT010', 100, 500000);

-- INSERT DATA INTO PhieuXuat
INSERT INTO PhieuXuat (SoPhieuX, NgayXuat, MaNN, MaNV, MaKho) VALUES
('PX001', '2023-01-01', 'NN001', 'NV001', 'K001'),
('PX002', '2023-02-01', 'NN002', 'NV002', 'K002'),
('PX003', '2023-03-01', 'NN003', 'NV003', 'K003'),
('PX004', '2023-04-01', 'NN004', 'NV004', 'K004'),
('PX005', '2023-05-01', 'NN005', 'NV005', 'K005'),
('PX006', '2023-06-01', 'NN006', 'NV006', 'K006'),
('PX007', '2023-07-01', 'NN007', 'NV007', 'K007'),
('PX008', '2023-08-01', 'NN008', 'NV008', 'K008'),
('PX009', '2023-09-01', 'NN009', 'NV009', 'K009'),
('PX010', '2023-10-01', 'NN010', 'NV010', 'K010');

-- INSERT DATA INTO ChiTietPhieuX
INSERT INTO ChiTietPhieuX (SoPhieuX, MaVT, SoLuongX, DonGiaX) VALUES
('PX001', 'VT001', 5, 55000),
('PX002', 'VT002', 10, 105000),
('PX003', 'VT003', 15, 155000),
('PX004', 'VT004', 20, 205000),
('PX005', 'VT005', 25, 255000),
('PX006', 'VT006', 30, 305000),
('PX007', 'VT007', 35, 355000),
('PX008', 'VT008', 40, 405000),
('PX009', 'VT009', 45, 455000),
('PX010', 'VT010', 50, 505000);


--TẠO VIEW

-- Tìm các nhân viên lam cho kho số 7-Lê Hoàng Phong-12/07/2024
CREATE VIEW vw_Timnhanvienkho7 AS
SELECT [MaNV],[TenNV],[MaKho]
FROM [dbo].[NhanVien]
WHERE [MaKho] = 'K007'     

SELECT * FROM vw_Timnhanvienkho7

-- Tìm các nhân viên có mức lương trên 20000000-Lê Hoàng Phong- 12/07/2024
CREATE VIEW vw_nhanvienluongtren20000000 AS
SELECT NV.TenNV,L.TenCV,FLOOR((L.LuongCB*L.HSL)) AS Luong
FROM [dbo].[Luong] L JOIN [dbo].[NhanVien] NV ON
     L.MaCV=NV.MaCV

SELECT * FROM vw_nhanvienluongtren20000000

-- Cho biết các vật tư đã bán trong năm 2024-Lê Hoàng Phong- 15/07/2024
CREATE VIEW vw_cacvattudabannam2024 AS
SELECT VT.MaVT,VT.TenVT
FROM [dbo].[PhieuXuat] PX,[dbo].[ChiTietPhieuX] CTPX,[dbo].[VatTu] VT
WHERE PX.SoPhieuX=CTPX.SoPhieuX AND CTPX.MaVT=VT.MaVT AND
	  YEAR(PX.NgayXuat) = 2024

SELECT * FROM vw_cacvattudabannam2024

--Cho biết thông tin của người nhận phiếu xuất PX008-Lê Hoàng Phong- 15/07/2024

CREATE VIEW vw_thongtinnguoinhan AS
SELECT NN.MaNN,NN.TenNN,NN.SDT
FROM [dbo].[PhieuXuat] PX JOIN [dbo].[NguoiNhan] NN ON
	 PX.MaNN=NN.MaNN
WHERE PX.SoPhieuX='PX008'

SELECT * FROM vw_thongtinnguoinhan

-- hiển thị tổng số lượng và giá trị nhập kho theo từng nhà cung cấp trong mỗi tháng-Lê Hoàng Phong- 15/07/2024

CREATE VIEW vw_soluongnhapkho AS
SELECT NCC.MaNCC,NCC.TenNCC,
	   SUM(CTPN.SoLuongN) AS Tongsoluong,
	   MONTH(PN.NgayNhap) AS Thang 
FROM [dbo].[NhaCungCap] NCC 
	 JOIN [dbo].[NguoiGiao] NG ON NCC.MaNCC= NG.MaNCC
	 JOIN [dbo].[PhieuNhap] PN ON PN.MaNG = NG.MaNG
	 JOIN [dbo].[ChiTietPhieuN] CTPN ON CTPN.SoPhieuN=PN.SoPhieuN
GROUP BY NCC.MaNCC,NCC.TenNCC,MONTH(PN.NgayNhap) 

SELECT * FROM vw_soluongnhapkho

-- hiển thị tồn kho hiện tại của mỗi vật tư trong từng kho-Lê Hoàng Phong-15/07/2024

ALTER VIEW vw_Tonkhovattu AS
SELECT VT.MaVT,VT.TenVT,SUM(TK.SoLuongTon) AS Ton_Kho,TK.MaKho
FROM [dbo].[TonKho] TK JOIN [dbo].[VatTu] VT ON
	 TK.MaVT=VT.MaVT
GROUP BY VT.MaVT,VT.TenVT,TK.MaKho

SELECT * FROM vw_Tonkhovattu

--hiển thị chi tiết các phiếu nhập và xuất của mỗi nhân viên trong tháng-Lê Hoàng Phong-15/07/2024

CREATE VIEW vw_Chitietnhapxuatnhanvien AS
SELECT  NV.MaNV,
		NV.TenNV,
		'Nhap' AS LoaiPhieu,
		PN.SoPhieuN AS SoPhieu,
		PN.NgayNhap AS Ngay,
		NG.TenNG AS TenDoiTac
FROM   NhanVien NV
		JOIN PhieuNhap PN ON NV.MaNV = PN.MaNV
		JOIN NguoiGiao NG ON PN.MaNG = NG.MaNG
UNION ALL
SELECT  NV.MaNV,
		NV.TenNV,
		'Xuat' AS LoaiPhieu,
		PX.SoPhieuX AS SoPhieu,
		PX.NgayXuat AS Ngay,
		NN.TenNN AS TenDoiTac
FROM  NhanVien NV
	  JOIN PhieuXuat PX ON NV.MaNV = PX.MaNV
      JOIN NguoiNhan NN ON PX.MaNN = NN.MaNN;

SELECT * FROM vw_Chitietnhapxuatnhanvien

-- hiển thị danh sách vật tư sắp hết hàng (số lượng tồn kho dưới ngưỡng 10 vật tư)-Lê Hoàng Phong-15/07/2024

CREATE VIEW vw_VatTuSapHetHang AS
SELECT 
    VT.MaVT,
    VT.TenVT,
    VT.DonViTinh,
	TK.MaKho,
    SUM(TK.SoLuongTon) AS TongSoLuongTon
FROM VatTu VT JOIN TonKho TK ON VT.MaVT = TK.MaVT
GROUP BY VT.MaVT, VT.TenVT,TK.MaKho, VT.DonViTinh
HAVING SUM(TK.SoLuongTon) < 10; 

SELECT * FROM vw_VatTuSapHetHang

--hiển thị danh sách các kho có số lượng tồn kho lớn nhất cho mỗi loại vật tư-Lê Hoàng Phong-15/07/2024

CREATE VIEW vw_KhoCoLuongTonLonNhat AS
SELECT 
    TK.MaVT,
    VT.TenVT,
    TK.MaKho,
    K.TenKho,
    TK.SoLuongTon
FROM 
    TonKho TK
    JOIN VatTu VT ON TK.MaVT = VT.MaVT
    JOIN KHO K ON TK.MaKho = K.MaKho
WHERE 
    TK.SoLuongTon = (
        SELECT 
            MAX(TK1.SoLuongTon)
        FROM 
            TonKho TK1
        WHERE 
            TK1.MaVT = TK.MaVT
    );

SELECT * FROM vw_KhoCoLuongTonLonNhat

--hiển thị giá trung bình nhập và xuất của từng loại vật tư theo năm-Lê Hoàng Phong-15/07/2024
CREATE VIEW vw_GiaTrungBinhVatTuTheoNam AS
SELECT 
    YEAR(PN.NgayNhap) AS Nam,
    VT.MaVT,
    VT.TenVT,
    AVG(CTPN.DonGiaN) AS GiaTrungBinhNhap,
    AVG(CTPX.DonGiaX) AS GiaTrungBinhXuat
FROM 
    VatTu VT
    LEFT JOIN ChiTietPhieuN CTPN ON VT.MaVT = CTPN.MaVT
    LEFT JOIN PhieuNhap PN ON CTPN.SoPhieuN = PN.SoPhieuN
    LEFT JOIN ChiTietPhieuX CTPX ON VT.MaVT = CTPX.MaVT
    LEFT JOIN PhieuXuat PX ON CTPX.SoPhieuX = PX.SoPhieuX
WHERE 
    YEAR(PN.NgayNhap) = YEAR(PX.NgayXuat)
GROUP BY 
    YEAR(PN.NgayNhap), VT.MaVT, VT.TenVT;

SELECT * FROM vw_GiaTrungBinhVatTuTheoNam





	
-- PHần STORED PROCEDURE
--Bảng LoaiVatTu 
--Thêm
CREATE PROCEDURE ThemLoaiVatTu
    @MaLoaiVT CHAR(10),
    @TenLoaiVT NVARCHAR(50)
AS
BEGIN
    INSERT INTO LoaiVatTu ([MaLoaiVT],[LoaiVT])
    VALUES (@MaLoaiVT, @TenLoaiVT)
END

EXEC ThemLoaiVatTu 'ngoaithatcc' , N'Ngoại thất CC' 

--Sửa 
CREATE PROCEDURE SuaLoaiVatTu
    @MaLoaiVT CHAR(10),
    @TenLoaiVT NVARCHAR(50),
    @MoTa NVARCHAR(50)
AS
BEGIN
    UPDATE [dbo].[LoaiVatTu]
    SET [MaLoaiVT] = @MaLoaiVT ,
        [LoaiVT] = @TenLoaiVT ,
        [Mota] = @MoTa 
    WHERE [MaLoaiVT] = @MaLoaiVT 
END

EXEC SuaLoaiVatTu 'ngoaithat' , N'Ngoại Thất' , N'Mô tả ngoại thất '

--Xóa 
CREATE PROCEDURE XoaLoaiVatTu
    @MaLoaiVT CHAR(10)
AS
BEGIN
    DELETE 
    FROM LoaiVatTu 
    WHERE MaLoaiVT = @MaLoaiVT
END

EXEC XoaLoaiVatTu 'ngoaithatcc'

-- Lấy thông tin 
CREATE PROCEDURE LayThongTinLoaiVatTu 
    @MaLoaiVT CHAR(10) 
AS 
BEGIN 
    SELECT * 
    FROM [dbo].[LoaiVatTu]
    WHERE [MaLoaiVT] = @MaLoaiVT 
END 

EXEC LayThongTinLoaiVatTu 'ngoaithat'

-- Bảng VatTu 
--Thêm VatTu
CREATE PROCEDURE ThemVatTu
    @MaVT CHAR(10),
    @TenVT NVARCHAR(50),
    @DonViTinh NVARCHAR(12),
    @MaLoaiVT CHAR(10)
AS
BEGIN
    INSERT INTO VatTu (MaVT, TenVT, DonViTinh, MaLoaiVT)
    VALUES (@MaVT, @TenVT, @DonViTinh, @MaLoaiVT);
END

EXEC ThemVatTu 'VT006' , 'Ống nhựa' , 'm' ,

--Sửa VatTu
CREATE PROCEDURE SuaVatTu
    @MaVT CHAR(10),
    @TenVT NVARCHAR(50),
    @DonViTinh NVARCHAR(12),
    @SoLuong INT ,
    @MaLoaiVT CHAR(10)
AS
BEGIN
    UPDATE VatTu
    SET TenVT = @TenVT, DonViTinh = @DonViTinh , SoLuong = @SoLuong  , MaLoaiVT = @MaLoaiVT
    WHERE MaVT = @MaVT;
END


--Xóa VatTu
CREATE PROCEDURE XoaVatTu
    @MaVT CHAR(10)
AS
BEGIN
    DELETE 
    FROM VatTu
    WHERE MaVT = @MaVT;
END

-- Lấy thông tin
CREATE PROCEDURE LayTTVatTu
    @MaVT CHAR(10)
AS
BEGIN
    SELECT * FROM VatTu
    WHERE MaVT = @MaVT;
END


-- Bảng lương 
--Thêm 
CREATE PROCEDURE ThemLuong
    @MaCV CHAR(10),
    @TenCV NVARCHAR(50),
    @HSL DECIMAL,
    @LuongCB FLOAT = 5000000
AS
BEGIN
    INSERT INTO Luong (MaCV, TenCV, HSL, LuongCB)
    VALUES (@MaCV, @TenCV, @HSL, @LuongCB);
END

--Sửa 
CREATE PROCEDURE SuaLuong
    @MaCV CHAR(10),
    @TenCV NVARCHAR(50),
    @HSL DECIMAL,
    @LuongCB FLOAT = 5000000
AS
BEGIN
    UPDATE Luong
    SET TenCV = @TenCV, HSL = @HSL, LuongCB = @LuongCB
    WHERE MaCV = @MaCV;
END

--Xóa
CREATE PROCEDURE XoaLuong
    @MaCV CHAR(10)
AS
BEGIN 
    DELETE 
    FROM [dbo].[Luong]
    WHERE [MaCV] = @MaCV 
END

--Lấy thông tin
CREATE PROCEDURE LayThongTinLuong
    @MaCV CHAR(10)
AS
BEGIN
    SELECT *
    FROM [dbo].[Luong]
    WHERE MaCV = @MaCV 
END


--Bảng NhanVien 
--Thêm 
CREATE PROCEDURE ThemNhanVien
    @MaNV CHAR(10),
    @TenNV NVARCHAR(50),
    @GioiTinh CHAR(3),
    @DiaChi NVARCHAR(70),
    @NgayVaoLam DATE,
    @MaCV CHAR(10),
    @MaKho CHAR(10)
AS
BEGIN
    INSERT INTO NhanVien (MaNV, TenNV, GioiTinh, DiaChi, NgayVaoLam, MaCV ,MaKho)
    VALUES (@MaNV, @TenNV, @GioiTinh, @DiaChi, @NgayVaoLam, @MaCV,@MaKho)
END

--Sửa
CREATE PROCEDURE SuaNhanVien
    @MaNV CHAR(10),
    @TenNV NVARCHAR(50),
    @GioiTinh CHAR(3),
    @DiaChi NVARCHAR(70),
    @NgayVaoLam DATE,
    @MaCV CHAR(10),
    @MaKho CHAR(10)
AS
BEGIN 
    UPDATE [dbo].[NhanVien]
    SET [TenNV] =  @TenNV , [GioiTinh] = @GioiTinh , [DiaChi] = @DiaChi , [Ngayvaolam] = @NgayVaoLam , [MaCV] = @MaCV , [MaKho] = @MaKho 
    WHERE [MaNV] =  @MaNV 
END

--Xóa
CREATE PROCEDURE XoaNhanVien
    @MaNV CHAR(10)
AS
BEGIN
    DELETE FROM NhanVien
    WHERE MaNV = @MaNV
END

--Lấy thông tin 
CREATE PROCEDURE LayTTNhanVien 
    @MaNV CHAR(10)
AS
BEGIN 
    SELECT *
    FROM NhanVien
    WHERE MaNV = @MaNV
END


--Bảng NhanVien_SDT
--Thêm 
CREATE PROCEDURE ThemNV_SDT
    @MaNV CHAR(10),
    @SDT Char(15)
AS
BEGIN 
    INSERT INTO [dbo].[NhanVien_SDT] ([MaNV],[SDT])
    VALUES(@MaNV,@SDT)
END

--Sửa
CREATE PROCEDURE SuaNV_SDT
    @MaNV CHAR(10),
    @SDT Char(15)
AS
BEGIN 
    UPDATE [dbo].[NhanVien_SDT]
    SET [SDT] =@SDT 
    WHERE [MaNV] = @MaNV 
END

--Xóa 
CREATE PROCEDURE XoaNV_SDT
    @MaNV CHAR(10)
AS
BEGIN 
    DELETE FROM [dbo].[NhanVien_SDT]
    WHERE [MaNV] = @MaNV
END

--Lấy Thông tin 
CREATE PROCEDURE LayTTNV_SDT
    @MaNV CHAR(10)
AS
BEGIN
    SELECT * FROM [dbo].[NhanVien_SDT]
    WHERE MaNV = @MaNV
END


--Bảng nhà cung cấp
-- Thêm
CREATE PROCEDURE ThemNhaCungCap
    @MaNCC CHAR(10),
    @TenNCC NVARCHAR(50),
    @DiaChi NVARCHAR(70),
    @SDT CHAR(12)
AS
BEGIN
    INSERT INTO NhaCungCap (MaNCC, TenNCC, SDT, DiaChi)
    VALUES (@MaNCC, @TenNCC, @SDT, @DiaChi)
END

--Sửa
CREATE PROCEDURE SuaNhaCungCap
    @MaNCC CHAR(10),
    @TenNCC NVARCHAR(50),
    @DiaChi NVARCHAR(70),
    @SDT CHAR(12)
AS
BEGIN
    UPDATE NhaCungCap
    SET TenNCC = @TenNCC, SDT = @SDT, DiaChi = @DiaChi
    WHERE MaNCC = @MaNCC
END

-- Xóa
CREATE PROCEDURE XoaNhaCungCap
    @MaNCC CHAR(10)
AS
BEGIN
    DELETE FROM NhaCungCap
    WHERE MaNCC = @MaNCC
END

-- Lấy thông tin 
CREATE PROCEDURE LayTTNhaCungCap
    @MaNCC CHAR(10)
AS
BEGIN
    SELECT * FROM NhaCungCap
    WHERE MaNCC = @MaNCC
END


--Bảng NguoiGiao
--Thêm
CREATE PROCEDURE ThemNguoiGiao
    @MaNG CHAR(10),
    @TenNG NVARCHAR(100),
    @SDT VARCHAR(12),
    @MaNCC CHAR(10)
AS
BEGIN
    INSERT INTO NguoiGiao (MaNG, TenNG, SDT, MaNCC)
    VALUES (@MaNG, @TenNG, @SDT, @MaNCC)
END

-- Sửa
CREATE PROCEDURE SuaNguoiGiao
    @MaNG CHAR(10),
    @TenNG NVARCHAR(50),
    @SDT VARCHAR(12),
    @MaNCC CHAR(10)
AS
BEGIN
    UPDATE NguoiGiao
    SET TenNG = @TenNG, SDT = @SDT, MaNCC = @MaNCC
    WHERE MaNG = @MaNG
END

--Xóa
CREATE PROCEDURE XoaNguoiGiao
    @MaNG CHAR(10)
AS
BEGIN
    DELETE FROM NguoiGiao
    WHERE MaNG = @MaNG
END
Lấy thông tin NguoiGiao
sql
Sao chép mã
CREATE PROCEDURE sp_GetNguoiGiao
    @MaNG CHAR(10)
AS
BEGIN
    SELECT * FROM NguoiGiao
    WHERE MaNG = @MaNG;
END


--Bảng DonViNhan
--Thêm 
CREATE PROCEDURE ThemDonViNhan
    @MaDVN CHAR(10),
    @TenDVN NVARCHAR(50),
    @DiaChi NVARCHAR(70),
    @SDT CHAR(12)
AS
BEGIN
    INSERT INTO DonViNhan (MaDVN, TenDVN, DiaChi, SDT)
    VALUES (@MaDVN, @TenDVN, @DiaChi, @SDT);
END

--Sửa
CREATE PROCEDURE SuaDonViNhan
    @MaDVN CHAR(10),
    @TenDVN NVARCHAR(50),
    @DiaChi NVARCHAR(70),
    @SDT CHAR(12)
AS
BEGIN
    UPDATE DonViNhan
    SET TenDVN = @TenDVN, DiaChi = @DiaChi, SDT = @SDT
    WHERE MaDVN = @MaDVN
END

--Xóa
CREATE PROCEDURE XoaDonViNhan
    @MaDVN CHAR(10)
AS
BEGIN
    DELETE 
    FROM DonViNhan
    WHERE MaDVN = @MaDVN
END

--Lấy thông tin
CREATE PROCEDURE sp_GetDonViNhan
    @MaDVN CHAR(10)
AS
BEGIN
    SELECT * 
    FROM DonViNhan
    WHERE MaDVN = @MaDVN
END


--Bảng NguoiNhan
--Thêm
CREATE PROCEDURE ThemNguoiNhan
    @MaNN CHAR(10),
    @TenNN NVARCHAR(50),
    @SDT CHAR(12),
    @MaDVN CHAR(10)
AS
BEGIN
    INSERT INTO NguoiNhan (MaNN, TenNN, SDT, MaDVN)
    VALUES (@MaNN, @TenNN, @SDT, @MaDVN)
END

--Sửa
CREATE PROCEDURE SuaNguoiNhan
    @MaNN CHAR(10),
    @TenNN NVARCHAR(50),
    @SDT CHAR(12),
    @MaDVN CHAR(10)
AS
BEGIN
    UPDATE NguoiNhan
    SET TenNN = @TenNN, SDT = @SDT, MaDVN = @MaDVN
    WHERE MaNN = @MaNN
END

--Xóa
CREATE PROCEDURE XoaNguoiNhan
    @MaNN CHAR(10)
AS
BEGIN
    DELETE FROM NguoiNhan
    WHERE [MaNN] = @MaNN
END 

--Lấy thông tin 
CREATE PROCEDURE LayTTNguoiNhan
    @MaNN CHAR(10)
AS
BEGIN
    SELECT * FROM NguoiNhan
    WHERE MaNN = @MaNN
END

--Bảng KHO
--Thêm
CREATE PROCEDURE Kho
    @MaKho CHAR(10),
    @TenKho NVARCHAR(100),
    @DiaDiem NVARCHAR(200)
AS
BEGIN
    INSERT INTO Kho (MaKho, TenKho,DiaDiem)
    VALUES (@MaKho, @TenKho,@DiaDiem) 
END

--Sửa
CREATE PROCEDURE SuaKHO
    @MaKho CHAR(10),
    @TenKho NVARCHAR(100),
    @DiaDiem NVARCHAR(200)
AS
BEGIN
    UPDATE Kho
    SET MaKho = @MaKho, TenKho = @TenKho, DiaDiem =@DiaDiem 
    WHERE MaKho = @MaKho
END

--Xóa
CREATE PROCEDURE XoaKHO
    @MaKho CHAR(10)
AS
BEGIN
    DELETE FROM Kho
    WHERE MaKho = @MaKho
END


--Lấy thông tin 
CREATE PROCEDURE LayTTKho
    @MaKho CHAR(10)
AS
BEGIN
    SELECT * FROM Kho
    WHERE MaKho = @MaKho;
END

--Bảng TonKho
--Thêm
CREATE PROCEDURE ThemTonKho
    @MaVT CHAR(10),
    @NamThang DATE,
    @SoLuongTon INT,
    @MaKho CHAR(10)
AS
BEGIN
    INSERT INTO TonKho ([MaVT],[NamThang],[SoLuongTon],[MaKho])
    VALUES (@MaVT, @NamThang, @SoLuongTon,@MaKho)
END

--Sửa
CREATE PROCEDURE SuaTonKho
    @MaVT CHAR(10),
    @NamThang DATE,
    @SoLuongTon INT,
    @MaKho CHAR(10)
AS
BEGIN
    UPDATE TonKho
    SET SoLuongTon = @SoLuongTon , [NamThang] = @NamThang , [MaKho] = @MaKho 
    WHERE MaKho = @MaKho AND MaVT = @MaVT;
END

--Xóa
CREATE PROCEDURE XoaTonKho
    @MaKho CHAR(10),
    @MaVT CHAR(10)
AS
BEGIN
    DELETE FROM TonKho
    WHERE MaKho = @MaKho AND MaVT = @MaVT;
END

--Lấy thông tin TonKho
CREATE PROCEDURE LayTTTonKho
    @MaKho CHAR(10),
    @MaVT CHAR(10)
AS
BEGIN
    SELECT * FROM TonKho
    WHERE MaKho = @MaKho AND MaVT = @MaVT;
END
